half,time-minutes,time-seconds,details,player1-id,player2-id,player1-linkable,player2-linkable,player3-linkable,player-first-name-1,player-first-name-2,player-last-name-1,player-last-name-2,player-team-alias-1,player-team-alias-2,home-score,visitor-score,visitor-fouls,home-fouls,player-fouls,fastbreak,in-paint,second-chance,off-turnover,player-score,points-type,detail-id,detail-desc,event-id,event-desc,distance,x-coord,y-coord,team-id-1,team-id-2,team-id-3
1,20,00,Start of the 1st Half,,,false,false,false,,,,,,,0,0,0,0,0,,,,,0,,,,14,Start Period,,,,46,46,
1,19,29,Steve Vasturia with a lost ball turnover: Lost Ball,120756,,true,false,false,Steve,,Vasturia,,ND,,0,0,0,0,0,,,,,0,,2,Lost Ball,7,Turnover,,,,46,46,
1,19,06,Ryan Anderson makes a hook shot from 10 feet out. Lonnie Jackson with the assist.,110082,110084,true,true,false,Ryan,Lonnie,Anderson,Jackson,BC,BC,0,2,0,0,0,,,,,2,2,55,Hook Shot,3,Field Goal Made,10,10,3,42,42,
1,18,43,Steve Vasturia makes a 3-point jump shot from 24 feet out. Garrick Sherman with the assist.,120756,88941,true,true,false,Steve,Garrick,Vasturia,Sherman,ND,ND,3,2,0,0,0,,,,,3,3,45,Jump Shot,3,Field Goal Made,24,10.5,21.3,46,46,
1,18,23,Ryan Anderson misses a jump shot from 18 feet out.,110082,,true,false,false,Ryan,,Anderson,,BC,,3,2,0,0,0,,,,,2,2,45,Jump Shot,4,Field Goal Missed,18,16.2,7.4,42,42,
1,18,23,Steve Vasturia with a defensive rebound.,120756,,true,false,false,Steve,,Vasturia,,ND,,3,2,0,0,0,,,,,3,,,,6,Defensive Rebound,,,,46,46,
1,17,59,Zach Auguste misses a layup shot.,116591,,true,false,false,Zach,,Auguste,,ND,,3,2,0,0,0,,,,,0,2,40,Layup Shot,4,Field Goal Missed,0,0,0,46,46,
1,17,59,Ryan Anderson with a defensive rebound.,110082,,true,false,false,Ryan,,Anderson,,BC,,3,2,0,0,0,,,,,2,,,,6,Defensive Rebound,,,,42,42,
1,17,52,Olivier Hanlan is charged with a turnover due to a foul.,116003,,true,false,false,Olivier,,Hanlan,,BC,,3,2,0,0,0,,,,,0,,5,Offensive Foul-Charge,7,Turnover,,,,42,42,
1,17,31,Eric Atkins misses a 3-point jump shot from 23 feet out.,97478,,true,false,false,Eric,,Atkins,,ND,,3,2,0,0,0,,,,,0,3,45,Jump Shot,4,Field Goal Missed,23,-18.3,13.7,46,46,
1,17,31,Zach Auguste with an offensive rebound.,116591,,true,false,false,Zach,,Auguste,,ND,,3,2,0,0,0,,,,,0,,,,5,Offensive Rebound,,,,46,46,
1,17,23,Pat Connaughton with a out of bounds turnover: Out of Bounds,109491,,true,false,false,Pat,,Connaughton,,ND,,3,2,0,0,0,,,,,0,,3,Out of Bounds,7,Turnover,,,,46,46,
1,16,57,Ryan Anderson makes a jump shot from 15 feet out. Alex Dragicevich with the assist.,110082,97479,true,true,false,Ryan,Alex,Anderson,Dragicevich,BC,BC,3,4,0,0,0,,,,,4,2,45,Jump Shot,3,Field Goal Made,15,-13.4,7.2,42,42,
1,16,37,Zach Auguste misses a jump shot from 12 feet out.,116591,,true,false,false,Zach,,Auguste,,ND,,3,4,0,0,0,,,,,0,2,45,Jump Shot,4,Field Goal Missed,12,-5.9,11,46,46,
1,16,37,Joe Rahon with a defensive rebound.,116004,,true,false,false,Joe,,Rahon,,BC,,3,4,0,0,0,,,,,0,,,,6,Defensive Rebound,,,,42,42,
1,16,24,Olivier Hanlan misses a 3-point jump shot from 24 feet out.,116003,,true,false,false,Olivier,,Hanlan,,BC,,3,4,0,0,0,,,,,0,3,45,Jump Shot,4,Field Goal Missed,24,-4.7,23.5,42,42,
1,16,24,ND with a defensive rebound.,,,false,false,false,,,,,,,3,4,0,0,0,,,,,0,,,,6,Defensive Rebound,,,,46,46,
1,16,08,Demetrius Jackson misses a layup shot.,120755,,true,false,false,Demetrius,,Jackson,,ND,,3,4,0,0,0,,,,,0,2,40,Layup Shot,4,Field Goal Missed,0,0,0,46,46,
1,16,08,Patrick Heckmann with a defensive rebound.,110086,,true,false,false,Patrick,,Heckmann,,BC,,3,4,0,0,0,,,,,0,,,,6,Defensive Rebound,,,,42,42,
1,16,04,Patrick Heckmann makes a layup shot.,110086,,true,false,false,Patrick,,Heckmann,,BC,,3,6,0,0,0,,,,,2,2,40,Layup Shot,3,Field Goal Made,0,0,0,42,42,
1,16,04,Shooting foul committed by Steve Vasturia.,120756,,true,false,false,Steve,,Vasturia,,ND,,3,6,0,1,1,,,,,3,,2,Shooting,8,Foul,,,,46,46,
1,16,04,Patrick Heckmann misses free throw 1 of 1.,110086,,true,false,false,Patrick,,Heckmann,,BC,,3,6,0,1,0,,,,,2,1,10,Free Throw 1 of 1,2,Free Throw Missed,,,,42,42,
1,16,04,ND with a defensive rebound.,,,false,false,false,,,,,,,3,6,0,1,0,,,,,0,,,,6,Defensive Rebound,,,,46,46,
1,16,03,Personal foul committed by Eddie Odio.,110078,,true,false,false,Eddie,,Odio,,BC,,3,6,1,1,1,,,,,0,,1,Personal,8,Foul,,,,42,42,
1,15,47,Garrick Sherman misses a jump shot from 12 feet out.,88941,,true,false,false,Garrick,,Sherman,,ND,,3,6,1,1,0,,,,,0,2,45,Jump Shot,4,Field Goal Missed,12,7.6,9.3,46,46,
1,15,47,Ryan Anderson with a defensive rebound.,110082,,true,false,false,Ryan,,Anderson,,BC,,3,6,1,1,0,,,,,4,,,,6,Defensive Rebound,,,,42,42,
1,15,13,Patrick Heckmann misses a 3-point jump shot from 27 feet out.,110086,,true,false,false,Patrick,,Heckmann,,BC,,3,6,1,1,0,,,,,2,3,45,Jump Shot,4,Field Goal Missed,27,17.1,20.3,42,42,
1,15,13,Demetrius Jackson with a defensive rebound.,120755,,true,false,false,Demetrius,,Jackson,,ND,,3,6,1,1,0,,,,,0,,,,6,Defensive Rebound,,,,46,46,
1,15,08,Pat Connaughton makes a layup shot. Demetrius Jackson with the assist.,109491,120755,true,true,false,Pat,Demetrius,Connaughton,Jackson,ND,ND,5,6,1,1,0,,,,,2,2,40,Layup Shot,3,Field Goal Made,0,0,0,46,46,
1,14,48,Alex Dragicevich misses a 3-point jump shot from 23 feet out.,97479,,true,false,false,Alex,,Dragicevich,,BC,,5,6,1,1,0,,,,,0,3,45,Jump Shot,4,Field Goal Missed,23,13.7,18.8,42,42,
1,14,48,Garrick Sherman with a defensive rebound.,88941,,true,false,false,Garrick,,Sherman,,ND,,5,6,1,1,0,,,,,0,,,,6,Defensive Rebound,,,,46,46,
1,14,36,Pat Connaughton makes a 3-point jump shot from 23 feet out. Eric Atkins with the assist.,109491,97478,true,true,false,Pat,Eric,Connaughton,Atkins,ND,ND,8,6,1,1,0,,,,,5,3,45,Jump Shot,3,Field Goal Made,23,12.5,19.8,46,46,
1,14,12,Personal foul committed by Steve Vasturia.,120756,,true,false,false,Steve,,Vasturia,,ND,,8,6,1,2,2,,,,,3,,1,Personal,8,Foul,,,,46,46,
1,14,12,Official's timeout.,,,false,false,false,,,,,,,8,6,1,2,0,,,,,0,,4,Official,11,Timeout,,,,46,46,
1,13,38,Shooting foul committed by Zach Auguste.,116591,,true,false,false,Zach,,Auguste,,ND,,8,6,1,3,1,,,,,0,,2,Shooting,8,Foul,,,,46,46,
1,13,38,Eddie Odio makes free throw 1 of 2.,110078,,true,false,false,Eddie,,Odio,,BC,,8,7,1,3,1,,,,,1,1,11,Free Throw 1 of 2,1,Free Throw Made,,,,42,42,
1,13,38,Eddie Odio makes free throw 2 of 2.,110078,,true,false,false,Eddie,,Odio,,BC,,8,8,1,3,1,,,,,2,1,12,Free Throw 2 of 2,1,Free Throw Made,,,,42,42,
1,13,08,Eric Atkins misses a jump shot from 20 feet out.,97478,,true,false,false,Eric,,Atkins,,ND,,8,8,1,3,0,,,,,0,2,45,Jump Shot,4,Field Goal Missed,20,1.6,20,46,46,
1,13,08,Zach Auguste with an offensive rebound.,116591,,true,false,false,Zach,,Auguste,,ND,,8,8,1,3,1,,,,,0,,,,5,Offensive Rebound,,,,46,46,
1,13,04,Zach Auguste makes a layup shot.,116591,,true,false,false,Zach,,Auguste,,ND,,10,8,1,3,1,,,,,2,2,40,Layup Shot,3,Field Goal Made,0,0,0,46,46,
1,12,34,Lonnie Jackson makes a 3-point jump shot from 24 feet out. Patrick Heckmann with the assist.,110084,110086,true,true,false,Lonnie,Patrick,Jackson,Heckmann,BC,BC,10,11,1,3,0,,,,,3,3,45,Jump Shot,3,Field Goal Made,24,15,19,42,42,
1,12,03,Pat Connaughton misses a 3-point jump shot from 25 feet out.,109491,,true,false,false,Pat,,Connaughton,,ND,,10,11,1,3,0,,,,,5,3,45,Jump Shot,4,Field Goal Missed,25,-12,21.5,46,46,
1,12,03,Olivier Hanlan with a defensive rebound.,116003,,true,false,false,Olivier,,Hanlan,,BC,,10,11,1,3,0,,,,,0,,,,6,Defensive Rebound,,,,42,42,
1,11,55,Olivier Hanlan misses a layup shot.,116003,,true,false,false,Olivier,,Hanlan,,BC,,10,11,1,3,0,,,,,0,2,40,Layup Shot,4,Field Goal Missed,0,0,0,42,42,
1,11,55,Eric Atkins with a defensive rebound.,97478,,true,false,false,Eric,,Atkins,,ND,,10,11,1,3,0,,,,,0,,,,6,Defensive Rebound,,,,46,46,
1,11,49,Shooting foul committed by Patrick Heckmann.,110086,,true,false,false,Patrick,,Heckmann,,BC,,10,11,2,3,1,,,,,2,,2,Shooting,8,Foul,,,,42,42,
1,11,49,Zach Auguste makes free throw 1 of 2.,116591,,true,false,false,Zach,,Auguste,,ND,,11,11,2,3,1,,,,,3,1,11,Free Throw 1 of 2,1,Free Throw Made,,,,46,46,
1,11,49,Zach Auguste makes free throw 2 of 2.,116591,,true,false,false,Zach,,Auguste,,ND,,12,11,2,3,1,,,,,4,1,12,Free Throw 2 of 2,1,Free Throw Made,,,,46,46,
1,11,20,Joe Rahon misses a 3-point jump shot from 23 feet out.,116004,,true,false,false,Joe,,Rahon,,BC,,12,11,2,3,0,,,,,0,3,45,Jump Shot,4,Field Goal Missed,23,-22.7,4.3,42,42,
1,11,20,Pat Connaughton with a defensive rebound.,109491,,true,false,false,Pat,,Connaughton,,ND,,12,11,2,3,0,,,,,5,,,,6,Defensive Rebound,,,,46,46,
1,10,57,Demetrius Jackson with a lost ball turnover: Lost Ball,120755,,true,false,false,Demetrius,,Jackson,,ND,,12,11,2,3,0,,,,,0,,2,Lost Ball,7,Turnover,,,,46,46,
1,10,43,Ryan Anderson misses a jump shot from 13 feet out.,110082,,true,false,false,Ryan,,Anderson,,BC,,12,11,2,3,0,,,,,4,2,45,Jump Shot,4,Field Goal Missed,13,10.1,7.9,42,42,
1,10,43,Zach Auguste with a defensive rebound.,116591,,true,false,false,Zach,,Auguste,,ND,,12,11,2,3,1,,,,,4,,,,6,Defensive Rebound,,,,46,46,
1,10,20,Eric Atkins makes a jump shot from 12 feet out.,97478,,true,false,false,Eric,,Atkins,,ND,,14,11,2,3,0,,,,,2,2,45,Jump Shot,3,Field Goal Made,12,10.5,5.9,46,46,
1,9,57,Ryan Anderson misses a layup shot.,110082,,true,false,false,Ryan,,Anderson,,BC,,14,11,2,3,0,,,,,4,2,40,Layup Shot,4,Field Goal Missed,0,0,0,42,42,
1,9,57,Ryan Anderson with an offensive rebound.,110082,,true,false,false,Ryan,,Anderson,,BC,,14,11,2,3,0,,,,,4,,,,5,Offensive Rebound,,,,42,42,
1,9,46,Ryan Anderson misses a layup shot.,110082,,true,false,false,Ryan,,Anderson,,BC,,14,11,2,3,0,,,,,4,2,40,Layup Shot,4,Field Goal Missed,0,0,0,42,42,
1,9,46,Patrick Heckmann with an offensive rebound.,110086,,true,false,false,Patrick,,Heckmann,,BC,,14,11,2,3,1,,,,,2,,,,5,Offensive Rebound,,,,42,42,
1,9,46,Ryan Anderson makes a dunk shot. Patrick Heckmann with the assist.,110082,110086,true,true,false,Ryan,Patrick,Anderson,Heckmann,BC,BC,14,13,2,3,0,,,,,6,2,48,Dunk Shot,3,Field Goal Made,0,0,0,42,42,
1,9,11,Zach Auguste makes a jump shot from 10 feet out.,116591,,true,false,false,Zach,,Auguste,,ND,,16,13,2,3,1,,,,,6,2,45,Jump Shot,3,Field Goal Made,10,-2.6,9.4,46,46,
1,9,03,Patrick Heckmann misses a 3-point jump shot from 22 feet out.,110086,,true,false,false,Patrick,,Heckmann,,BC,,16,13,2,3,1,,,,,2,3,45,Jump Shot,4,Field Goal Missed,22,-21.7,3.6,42,42,
1,9,03,Zach Auguste with a defensive rebound.,116591,,true,false,false,Zach,,Auguste,,ND,,16,13,2,3,1,,,,,6,,,,6,Defensive Rebound,,,,46,46,
1,8,43,V.J. Beachem misses a 3-point jump shot from 23 feet out.,120754,,true,false,false,V.J.,,Beachem,,ND,,16,13,2,3,0,,,,,0,3,45,Jump Shot,4,Field Goal Missed,23,-19.5,11.5,46,46,
1,8,43,Zach Auguste with an offensive rebound.,116591,,true,false,false,Zach,,Auguste,,ND,,16,13,2,3,1,,,,,6,,,,5,Offensive Rebound,,,,46,46,
1,8,37,Zach Auguste misses a jump shot from 9 feet out.,116591,,true,false,false,Zach,,Auguste,,ND,,16,13,2,3,1,,,,,6,2,45,Jump Shot,4,Field Goal Missed,9,5,7.6,46,46,
1,8,37,Lonnie Jackson with a defensive rebound.,110084,,true,false,false,Lonnie,,Jackson,,BC,,16,13,2,3,0,,,,,3,,,,6,Defensive Rebound,,,,42,42,
1,8,15,Joe Rahon misses a layup shot.,116004,,true,false,false,Joe,,Rahon,,BC,,16,13,2,3,0,,,,,0,2,40,Layup Shot,4,Field Goal Missed,0,0,0,42,42,
1,8,15,Eric Atkins with a defensive rebound.,97478,,true,false,false,Eric,,Atkins,,ND,,16,13,2,3,0,,,,,2,,,,6,Defensive Rebound,,,,46,46,
1,8,03,Eric Atkins misses a layup shot.,97478,,true,false,false,Eric,,Atkins,,ND,,16,13,2,3,0,,,,,2,2,40,Layup Shot,4,Field Goal Missed,0,0,0,46,46,
1,8,03,Joe Rahon with a defensive rebound.,116004,,true,false,false,Joe,,Rahon,,BC,,16,13,2,3,0,,,,,0,,,,6,Defensive Rebound,,,,42,42,
1,8,01,BC take a full timeout.,,,false,false,false,,,,,,,16,13,2,3,0,,,,,0,,1,Regular,11,Timeout,,,,42,42,
1,7,44,Olivier Hanlan makes a layup shot. Patrick Heckmann with the assist.,116003,110086,true,true,false,Olivier,Patrick,Hanlan,Heckmann,BC,BC,16,15,2,3,0,,,,,2,2,40,Layup Shot,3,Field Goal Made,0,0,0,42,42,
1,7,20,Pat Connaughton makes a 3-point jump shot from 23 feet out. Garrick Sherman with the assist.,109491,88941,true,true,false,Pat,Garrick,Connaughton,Sherman,ND,ND,19,15,2,3,0,,,,,8,3,45,Jump Shot,3,Field Goal Made,23,10.8,20.5,46,46,
1,6,45,Patrick Heckmann makes a layup shot.,110086,,true,false,false,Patrick,,Heckmann,,BC,,19,17,2,3,1,,,,,4,2,40,Layup Shot,3,Field Goal Made,0,0,0,42,42,
1,6,26,Eric Atkins misses a jump shot from 17 feet out.,97478,,true,false,false,Eric,,Atkins,,ND,,19,17,2,3,0,,,,,2,2,45,Jump Shot,4,Field Goal Missed,17,16.6,5.3,46,46,
1,6,26,BC with a defensive rebound.,,,false,false,false,,,,,,,19,17,2,3,0,,,,,0,,,,6,Defensive Rebound,,,,42,42,
1,6,26,Personal foul committed by Tom Knight.,88670,,true,false,false,Tom,,Knight,,ND,,19,17,2,4,1,,,,,0,,1,Personal,8,Foul,,,,46,46,
1,6,26,Official's timeout.,,,false,false,false,,,,,,,19,17,2,4,0,,,,,0,,4,Official,11,Timeout,,,,46,46,
1,6,18,Joe Rahon makes a layup shot.,116004,,true,false,false,Joe,,Rahon,,BC,,19,19,2,4,0,,,,,2,2,40,Layup Shot,3,Field Goal Made,0,0,0,42,42,
1,5,58,Steve Vasturia misses a layup shot.,120756,,true,false,false,Steve,,Vasturia,,ND,,19,19,2,4,2,,,,,3,2,40,Layup Shot,4,Field Goal Missed,0,0,0,46,46,
1,5,58,Lonnie Jackson with a defensive rebound.,110084,,true,false,false,Lonnie,,Jackson,,BC,,19,19,2,4,0,,,,,3,,,,6,Defensive Rebound,,,,42,42,
1,5,52,Eddie Odio makes a dunk shot. Lonnie Jackson with the assist.,110078,110084,true,true,false,Eddie,Lonnie,Odio,Jackson,BC,BC,19,21,2,4,1,,,,,4,2,48,Dunk Shot,3,Field Goal Made,0,0,0,42,42,
1,5,52,ND take a full timeout.,,,false,false,false,,,,,,,19,21,2,4,0,,,,,0,,1,Regular,11,Timeout,,,,46,46,
1,5,47,Demetrius Jackson misses a layup shot.,120755,,true,false,false,Demetrius,,Jackson,,ND,,19,21,2,4,0,,,,,0,2,40,Layup Shot,4,Field Goal Missed,0,0,0,46,46,
1,5,47,Eddie Odio with a defensive rebound.,110078,,true,false,false,Eddie,,Odio,,BC,,19,21,2,4,1,,,,,4,,,,6,Defensive Rebound,,,,42,42,
1,5,17,Ryan Anderson with a traveling turnover: Traveling,110082,,true,false,false,Ryan,,Anderson,,BC,,19,21,2,4,0,,,,,6,,4,Traveling,7,Turnover,,,,42,42,
1,4,55,Garrick Sherman makes a layup shot.,88941,,true,false,false,Garrick,,Sherman,,ND,,21,21,2,4,0,,,,,2,2,40,Layup Shot,3,Field Goal Made,0,0,0,46,46,
1,4,34,Garland Owens misses a 3-point jump shot from 22 feet out.,120748,,true,false,false,Garland,,Owens,,BC,,21,21,2,4,0,,,,,0,3,45,Jump Shot,4,Field Goal Missed,22,21.3,6,42,42,
1,4,34,Pat Connaughton with a defensive rebound.,109491,,true,false,false,Pat,,Connaughton,,ND,,21,21,2,4,0,,,,,8,,,,6,Defensive Rebound,,,,46,46,
1,4,25,Personal foul committed by Garland Owens.,120748,,true,false,false,Garland,,Owens,,BC,,21,21,3,4,1,,,,,0,,1,Personal,8,Foul,,,,42,42,
1,4,25,Eric Atkins makes free throw 1 of 2.,97478,,true,false,false,Eric,,Atkins,,ND,,22,21,3,4,0,,,,,3,1,11,Free Throw 1 of 2,1,Free Throw Made,,,,46,46,
1,4,25,Eric Atkins makes free throw 2 of 2.,97478,,true,false,false,Eric,,Atkins,,ND,,23,21,3,4,0,,,,,4,1,12,Free Throw 2 of 2,1,Free Throw Made,,,,46,46,
1,3,54,Patrick Heckmann with a lost ball turnover: Lost Ball,110086,,true,false,false,Patrick,,Heckmann,,BC,,23,21,3,4,1,,,,,4,,2,Lost Ball,7,Turnover,,,,42,42,
1,3,54,Official's timeout.,,,false,false,false,,,,,,,23,21,3,4,0,,,,,0,,4,Official,11,Timeout,,,,46,46,
1,3,41,Garrick Sherman misses a layup shot.,88941,,true,false,false,Garrick,,Sherman,,ND,,23,21,3,4,0,,,,,2,2,40,Layup Shot,4,Field Goal Missed,0,0,0,46,46,
1,3,41,Alex Dragicevich with a defensive rebound.,97479,,true,false,false,Alex,,Dragicevich,,BC,,23,21,3,4,0,,,,,0,,,,6,Defensive Rebound,,,,42,42,
1,3,02,Lonnie Jackson makes a 3-point jump shot from 26 feet out. Alex Dragicevich with the assist.,110084,97479,true,true,false,Lonnie,Alex,Jackson,Dragicevich,BC,BC,23,24,3,4,0,,,,,6,3,45,Jump Shot,3,Field Goal Made,26,-14,22,42,42,
1,2,34,Demetrius Jackson with a bad pass turnover: Bad Pass,120755,,true,false,false,Demetrius,,Jackson,,ND,,23,24,3,4,0,,,,,0,,1,Bad Pass,7,Turnover,,,,46,46,
1,2,21,Alex Dragicevich makes a 3-point jump shot from 24 feet out. Lonnie Jackson with the assist.,97479,110084,true,true,false,Alex,Lonnie,Dragicevich,Jackson,BC,BC,23,27,3,4,0,,,,,3,3,45,Jump Shot,3,Field Goal Made,24,-14.5,18.6,42,42,
1,1,55,Steve Vasturia with a traveling turnover: Traveling,120756,,true,false,false,Steve,,Vasturia,,ND,,23,27,3,4,2,,,,,3,,4,Traveling,7,Turnover,,,,46,46,
1,1,45,Alex Dragicevich with a lost ball turnover: Lost Ball,97479,,true,false,false,Alex,,Dragicevich,,BC,,23,27,3,4,0,,,,,3,,2,Lost Ball,7,Turnover,,,,42,42,
1,1,36,Pat Connaughton misses a jump shot from 17 feet out.,109491,,true,false,false,Pat,,Connaughton,,ND,,23,27,3,4,0,,,,,8,2,45,Jump Shot,4,Field Goal Missed,17,-4.5,16.4,46,46,
1,1,36,Ryan Anderson with a defensive rebound.,110082,,true,false,false,Ryan,,Anderson,,BC,,23,27,3,4,0,,,,,6,,,,6,Defensive Rebound,,,,42,42,
1,1,13,Lonnie Jackson misses a 3-point jump shot from 23 feet out.,110084,,true,false,false,Lonnie,,Jackson,,BC,,23,27,3,4,0,,,,,6,3,45,Jump Shot,4,Field Goal Missed,23,17.8,14.9,42,42,
1,1,13,Garrick Sherman with a defensive rebound.,88941,,true,false,false,Garrick,,Sherman,,ND,,23,27,3,4,0,,,,,2,,,,6,Defensive Rebound,,,,46,46,
1,0,55.9,Shooting foul committed by Eddie Odio.,110078,,true,false,false,Eddie,,Odio,,BC,,23,27,4,4,2,,,,,4,,2,Shooting,8,Foul,,,,42,42,
1,0,55.9,Garrick Sherman misses free throw 1 of 2.,88941,,true,false,false,Garrick,,Sherman,,ND,,23,27,4,4,0,,,,,2,1,11,Free Throw 1 of 2,2,Free Throw Missed,,,,46,46,
1,0,55.9,ND with an offensive rebound.,,,false,false,false,,,,,,,23,27,4,4,0,,,,,0,,,,5,Offensive Rebound,,,,46,46,
1,0,55.9,Garrick Sherman makes free throw 2 of 2.,88941,,true,false,false,Garrick,,Sherman,,ND,,24,27,4,4,0,,,,,3,1,12,Free Throw 2 of 2,1,Free Throw Made,,,,46,46,
1,0,25.8,Joe Rahon makes a jump shot from 17 feet out.,116004,,true,false,false,Joe,,Rahon,,BC,,24,29,4,4,0,,,,,4,2,45,Jump Shot,3,Field Goal Made,17,4.2,16.6,42,42,
1,0,05.1,Zach Auguste makes a jump shot from 18 feet out.,116591,,true,false,false,Zach,,Auguste,,ND,,26,29,4,4,1,,,,,8,2,45,Jump Shot,3,Field Goal Made,18,-7.6,16.7,46,46,
1,0,00,End of the 1st Half,,,false,false,false,,,,,,,26,29,4,4,0,,,,,0,,,,15,End Period,,,,46,46,
2,20,00,Start of the 2nd Half,,,false,false,false,,,,,,,26,29,0,0,0,,,,,0,,,,14,Start Period,,,,46,46,
2,19,46,Shooting foul committed by Zach Auguste.,116591,,true,false,false,Zach,,Auguste,,ND,,26,29,0,1,2,,,,,8,,2,Shooting,8,Foul,,,,46,46,
2,19,46,Ryan Anderson makes free throw 1 of 2.,110082,,true,false,false,Ryan,,Anderson,,BC,,26,30,0,1,0,,,,,7,1,11,Free Throw 1 of 2,1,Free Throw Made,,,,42,42,
2,19,46,Ryan Anderson makes free throw 2 of 2.,110082,,true,false,false,Ryan,,Anderson,,BC,,26,31,0,1,0,,,,,8,1,12,Free Throw 2 of 2,1,Free Throw Made,,,,42,42,
2,19,24,Garrick Sherman with a lost ball turnover: Lost Ball,88941,,true,false,false,Garrick,,Sherman,,ND,,26,31,0,1,0,,,,,3,,2,Lost Ball,7,Turnover,,,,46,46,
2,19,03,Shooting foul committed by Garrick Sherman.,88941,,true,false,false,Garrick,,Sherman,,ND,,26,31,0,2,1,,,,,3,,2,Shooting,8,Foul,,,,46,46,
2,19,03,Alex Dragicevich misses free throw 1 of 2.,97479,,true,false,false,Alex,,Dragicevich,,BC,,26,31,0,2,0,,,,,3,1,11,Free Throw 1 of 2,2,Free Throw Missed,,,,42,42,
2,19,03,BC with an offensive rebound.,,,false,false,false,,,,,,,26,31,0,2,0,,,,,0,,,,5,Offensive Rebound,,,,42,42,
2,19,03,Alex Dragicevich makes free throw 2 of 2.,97479,,true,false,false,Alex,,Dragicevich,,BC,,26,32,0,2,0,,,,,4,1,12,Free Throw 2 of 2,1,Free Throw Made,,,,42,42,
2,18,47,Zach Auguste with a lost ball turnover: Lost Ball,116591,,true,false,false,Zach,,Auguste,,ND,,26,32,0,2,2,,,,,8,,2,Lost Ball,7,Turnover,,,,46,46,
2,18,40,Lonnie Jackson misses a 3-point jump shot from 22 feet out.,110084,,true,false,false,Lonnie,,Jackson,,BC,,26,32,0,2,0,,,,,6,3,45,Jump Shot,4,Field Goal Missed,22,-21.7,4.3,42,42,
2,18,40,Ryan Anderson with an offensive rebound.,110082,,true,false,false,Ryan,,Anderson,,BC,,26,32,0,2,0,,,,,8,,,,5,Offensive Rebound,,,,42,42,
2,18,36,Joe Rahon makes a 3-point jump shot from 23 feet out. Ryan Anderson with the assist.,116004,110082,true,true,false,Joe,Ryan,Rahon,Anderson,BC,BC,26,35,0,2,0,,,,,7,3,45,Jump Shot,3,Field Goal Made,23,2.8,23.2,42,42,
2,18,30,ND take a full timeout.,,,false,false,false,,,,,,,26,35,0,2,0,,,,,0,,1,Regular,11,Timeout,,,,46,46,
2,18,25,Personal foul committed by Olivier Hanlan.,116003,,true,false,false,Olivier,,Hanlan,,BC,,26,35,1,2,1,,,,,2,,1,Personal,8,Foul,,,,42,42,
2,18,07,Personal foul committed by Alex Dragicevich.,97479,,true,false,false,Alex,,Dragicevich,,BC,,26,35,2,2,1,,,,,4,,1,Personal,8,Foul,,,,42,42,
2,17,46,Steve Vasturia misses a 3-point jump shot from 23 feet out.,120756,,true,false,false,Steve,,Vasturia,,ND,,26,35,2,2,2,,,,,3,3,45,Jump Shot,4,Field Goal Missed,23,-17.9,14.7,46,46,
2,17,46,Pat Connaughton with an offensive rebound.,109491,,true,false,false,Pat,,Connaughton,,ND,,26,35,2,2,0,,,,,8,,,,5,Offensive Rebound,,,,46,46,
2,17,43,Pat Connaughton makes a layup shot.,109491,,true,false,false,Pat,,Connaughton,,ND,,28,35,2,2,0,,,,,10,2,40,Layup Shot,3,Field Goal Made,0,0,0,46,46,
2,17,43,Shooting foul committed by Alex Dragicevich.,97479,,true,false,false,Alex,,Dragicevich,,BC,,28,35,3,2,2,,,,,4,,2,Shooting,8,Foul,,,,42,42,
2,17,43,Pat Connaughton makes free throw 1 of 1.,109491,,true,false,false,Pat,,Connaughton,,ND,,29,35,3,2,0,,,,,11,1,10,Free Throw 1 of 1,1,Free Throw Made,,,,46,46,
2,17,14,Joe Rahon misses a 3-point jump shot from 24 feet out.,116004,,true,false,false,Joe,,Rahon,,BC,,29,35,3,2,0,,,,,7,3,45,Jump Shot,4,Field Goal Missed,24,11.8,20.5,42,42,
2,17,14,Tom Knight with a defensive rebound.,88670,,true,false,false,Tom,,Knight,,ND,,29,35,3,2,1,,,,,0,,,,6,Defensive Rebound,,,,46,46,
2,17,04,Demetrius Jackson misses a 3-point jump shot from 24 feet out.,120755,,true,false,false,Demetrius,,Jackson,,ND,,29,35,3,2,0,,,,,0,3,45,Jump Shot,4,Field Goal Missed,24,10.1,21.5,46,46,
2,17,04,Steve Vasturia with an offensive rebound.,120756,,true,false,false,Steve,,Vasturia,,ND,,29,35,3,2,2,,,,,3,,,,5,Offensive Rebound,,,,46,46,
2,16,58,Tom Knight makes a dunk shot. Steve Vasturia with the assist.,88670,120756,true,true,false,Tom,Steve,Knight,Vasturia,ND,ND,31,35,3,2,1,,,,,2,2,48,Dunk Shot,3,Field Goal Made,0,0,0,46,46,
2,16,56,BC take a full timeout.,,,false,false,false,,,,,,,31,35,3,2,0,,,,,0,,1,Regular,11,Timeout,,,,42,42,
2,16,34,Ryan Anderson makes a jump shot from 12 feet out. Joe Rahon with the assist.,110082,116004,true,true,false,Ryan,Joe,Anderson,Rahon,BC,BC,31,37,3,2,0,,,,,10,2,45,Jump Shot,3,Field Goal Made,12,-7,9,42,42,
2,16,07,Pat Connaughton misses a 3-point jump shot from 23 feet out.,109491,,true,false,false,Pat,,Connaughton,,ND,,31,37,3,2,0,,,,,11,3,45,Jump Shot,4,Field Goal Missed,23,-15.6,16.9,46,46,
2,16,07,Demetrius Jackson with an offensive rebound.,120755,,true,false,false,Demetrius,,Jackson,,ND,,31,37,3,2,0,,,,,0,,,,5,Offensive Rebound,,,,46,46,
2,16,07,Demetrius Jackson makes a layup shot.,120755,,true,false,false,Demetrius,,Jackson,,ND,,33,37,3,2,0,,,,,2,2,40,Layup Shot,3,Field Goal Made,0,0,0,46,46,
2,16,07,Shooting foul committed by Lonnie Jackson.,110084,,true,false,false,Lonnie,,Jackson,,BC,,33,37,4,2,1,,,,,6,,2,Shooting,8,Foul,,,,42,42,
2,16,07,Demetrius Jackson makes free throw 1 of 1.,120755,,true,false,false,Demetrius,,Jackson,,ND,,34,37,4,2,0,,,,,3,1,10,Free Throw 1 of 1,1,Free Throw Made,,,,46,46,
2,15,50,Official's timeout.,,,false,false,false,,,,,,,34,37,4,2,0,,,,,0,,4,Official,11,Timeout,,,,46,46,
2,15,42,Lonnie Jackson misses a 3-point jump shot from 24 feet out.,110084,,true,false,false,Lonnie,,Jackson,,BC,,34,37,4,2,1,,,,,6,3,45,Jump Shot,4,Field Goal Missed,24,0,24,42,42,
2,15,42,Steve Vasturia with a defensive rebound.,120756,,true,false,false,Steve,,Vasturia,,ND,,34,37,4,2,2,,,,,3,,,,6,Defensive Rebound,,,,46,46,
2,15,31,Eric Atkins makes a layup shot.,97478,,true,false,false,Eric,,Atkins,,ND,,36,37,4,2,0,,,,,6,2,40,Layup Shot,3,Field Goal Made,0,0,0,46,46,
2,15,01,Patrick Heckmann misses a 3-point jump shot from 22 feet out.,110086,,true,false,false,Patrick,,Heckmann,,BC,,36,37,4,2,1,,,,,4,3,45,Jump Shot,4,Field Goal Missed,22,20,9,42,42,
2,15,01,Demetrius Jackson with a defensive rebound.,120755,,true,false,false,Demetrius,,Jackson,,ND,,36,37,4,2,0,,,,,3,,,,6,Defensive Rebound,,,,46,46,
2,14,54,Demetrius Jackson misses a jump shot from 20 feet out.,120755,,true,false,false,Demetrius,,Jackson,,ND,,36,37,4,2,0,,,,,3,2,45,Jump Shot,4,Field Goal Missed,20,12.7,15.7,46,46,
2,14,54,Patrick Heckmann with a defensive rebound.,110086,,true,false,false,Patrick,,Heckmann,,BC,,36,37,4,2,1,,,,,4,,,,6,Defensive Rebound,,,,42,42,
2,14,39,Patrick Heckmann with a traveling turnover: Traveling,110086,,true,false,false,Patrick,,Heckmann,,BC,,36,37,4,2,1,,,,,4,,4,Traveling,7,Turnover,,,,42,42,
2,14,29,Eric Atkins misses a jump shot from 18 feet out.,97478,,true,false,false,Eric,,Atkins,,ND,,36,37,4,2,0,,,,,6,2,45,Jump Shot,4,Field Goal Missed,18,-8,16,46,46,
2,14,29,Eric Atkins with an offensive rebound.,97478,,true,false,false,Eric,,Atkins,,ND,,36,37,4,2,0,,,,,6,,,,5,Offensive Rebound,,,,46,46,
2,14,17,Demetrius Jackson misses a layup shot.,120755,,true,false,false,Demetrius,,Jackson,,ND,,36,37,4,2,0,,,,,3,2,40,Layup Shot,4,Field Goal Missed,0,0,0,46,46,
2,14,17,Eddie Odio with a defensive rebound.,110078,,true,false,false,Eddie,,Odio,,BC,,36,37,4,2,2,,,,,4,,,,6,Defensive Rebound,,,,42,42,
2,13,55,Eddie Odio with a lost ball turnover: Lost Ball,110078,,true,false,false,Eddie,,Odio,,BC,,36,37,4,2,2,,,,,4,,2,Lost Ball,7,Turnover,,,,42,42,
2,13,45,Eric Atkins with a lost ball turnover: Lost Ball,97478,,true,false,false,Eric,,Atkins,,ND,,36,37,4,2,0,,,,,6,,2,Lost Ball,7,Turnover,,,,46,46,
2,13,35,Joe Rahon misses a jump shot from 17 feet out.,116004,,true,false,false,Joe,,Rahon,,BC,,36,37,4,2,0,,,,,7,2,45,Jump Shot,4,Field Goal Missed,17,-3.5,16.7,42,42,
2,13,35,Tom Knight with a defensive rebound.,88670,,true,false,false,Tom,,Knight,,ND,,36,37,4,2,1,,,,,2,,,,6,Defensive Rebound,,,,46,46,
2,13,30,ND take a full timeout.,,,false,false,false,,,,,,,36,37,4,2,0,,,,,0,,1,Regular,11,Timeout,,,,46,46,
2,13,10,Zach Auguste misses a layup shot.,116591,,true,false,false,Zach,,Auguste,,ND,,36,37,4,2,2,,,,,8,2,40,Layup Shot,4,Field Goal Missed,0,0,0,46,46,
2,13,10,Zach Auguste with an offensive rebound.,116591,,true,false,false,Zach,,Auguste,,ND,,36,37,4,2,2,,,,,8,,,,5,Offensive Rebound,,,,46,46,
2,13,10,Shooting foul committed by Lonnie Jackson.,110084,,true,false,false,Lonnie,,Jackson,,BC,,36,37,5,2,2,,,,,6,,2,Shooting,8,Foul,,,,42,42,
2,13,10,Zach Auguste misses free throw 1 of 2.,116591,,true,false,false,Zach,,Auguste,,ND,,36,37,5,2,2,,,,,8,1,11,Free Throw 1 of 2,2,Free Throw Missed,,,,46,46,
2,13,10,ND with an offensive rebound.,,,false,false,false,,,,,,,36,37,5,2,0,,,,,0,,,,5,Offensive Rebound,,,,46,46,
2,13,10,Zach Auguste misses free throw 2 of 2.,116591,,true,false,false,Zach,,Auguste,,ND,,36,37,5,2,2,,,,,8,1,12,Free Throw 2 of 2,2,Free Throw Missed,,,,46,46,
2,13,10,Olivier Hanlan with a defensive rebound.,116003,,true,false,false,Olivier,,Hanlan,,BC,,36,37,5,2,1,,,,,2,,,,6,Defensive Rebound,,,,42,42,
2,12,35,Joe Rahon misses a jump shot from 18 feet out.,116004,,true,false,false,Joe,,Rahon,,BC,,36,37,5,2,0,,,,,7,2,45,Jump Shot,4,Field Goal Missed,18,-3,17.9,42,42,
2,12,35,Demetrius Jackson with a defensive rebound.,120755,,true,false,false,Demetrius,,Jackson,,ND,,36,37,5,2,0,,,,,3,,,,6,Defensive Rebound,,,,46,46,
2,12,26,Pat Connaughton misses a 3-point jump shot from 24 feet out.,109491,,true,false,false,Pat,,Connaughton,,ND,,36,37,5,2,0,,,,,11,3,45,Jump Shot,4,Field Goal Missed,24,-14,20,46,46,
2,12,26,Joe Rahon with a defensive rebound.,116004,,true,false,false,Joe,,Rahon,,BC,,36,37,5,2,0,,,,,7,,,,6,Defensive Rebound,,,,42,42,
2,12,00,Eddie Odio misses a jump shot from 10 feet out.,110078,,true,false,false,Eddie,,Odio,,BC,,36,37,5,2,2,,,,,4,2,45,Jump Shot,4,Field Goal Missed,10,-.6,9.9,42,42,
2,12,00,Olivier Hanlan with an offensive rebound.,116003,,true,false,false,Olivier,,Hanlan,,BC,,36,37,5,2,1,,,,,2,,,,5,Offensive Rebound,,,,42,42,
2,11,38,Eddie Odio misses a 3-point jump shot from 24 feet out.,110078,,true,false,false,Eddie,,Odio,,BC,,36,37,5,2,2,,,,,4,3,45,Jump Shot,4,Field Goal Missed,24,1.3,23.7,42,42,
2,11,38,ND with a defensive rebound.,,,false,false,false,,,,,,,36,37,5,2,0,,,,,0,,,,6,Defensive Rebound,,,,46,46,
2,11,38,Official's timeout.,,,false,false,false,,,,,,,36,37,5,2,0,,,,,0,,4,Official,11,Timeout,,,,46,46,
2,11,16,Eric Atkins misses a 3-point jump shot from 24 feet out.,97478,,true,false,false,Eric,,Atkins,,ND,,36,37,5,2,0,,,,,6,3,45,Jump Shot,4,Field Goal Missed,24,2,24,46,46,
2,11,16,Steve Vasturia with an offensive rebound.,120756,,true,false,false,Steve,,Vasturia,,ND,,36,37,5,2,2,,,,,3,,,,5,Offensive Rebound,,,,46,46,
2,11,13,Personal foul committed by Alex Dragicevich.,97479,,true,false,false,Alex,,Dragicevich,,BC,,36,37,6,2,3,,,,,4,,1,Personal,8,Foul,,,,42,42,
2,10,53,Steve Vasturia misses a 3-point jump shot from 23 feet out.,120756,,true,false,false,Steve,,Vasturia,,ND,,36,37,6,2,2,,,,,3,3,45,Jump Shot,4,Field Goal Missed,23,23,3.3,46,46,
2,10,53,Garland Owens with a defensive rebound.,120748,,true,false,false,Garland,,Owens,,BC,,36,37,6,2,1,,,,,0,,,,6,Defensive Rebound,,,,42,42,
2,10,41,Ryan Anderson makes a layup shot.,110082,,true,false,false,Ryan,,Anderson,,BC,,36,39,6,2,0,,,,,12,2,40,Layup Shot,3,Field Goal Made,0,0,0,42,42,
2,10,29,Steve Vasturia with a out of bounds turnover: Out of Bounds,120756,,true,false,false,Steve,,Vasturia,,ND,,36,39,6,2,2,,,,,3,,3,Out of Bounds,7,Turnover,,,,46,46,
2,10,17,Olivier Hanlan makes a 3-point jump shot from 23 feet out.,116003,,true,false,false,Olivier,,Hanlan,,BC,,36,42,6,2,1,,,,,5,3,45,Jump Shot,3,Field Goal Made,23,-10.8,20.3,42,42,
2,9,52,Garrick Sherman makes a jump shot from 8 feet out.,88941,,true,false,false,Garrick,,Sherman,,ND,,38,42,6,2,1,,,,,5,2,45,Jump Shot,3,Field Goal Made,8,1.3,7.9,46,46,
2,9,30,Alex Dragicevich makes a 3-point jump shot from 23 feet out. Garland Owens with the assist.,97479,120748,true,true,false,Alex,Garland,Dragicevich,Owens,BC,BC,38,45,6,2,3,,,,,7,3,45,Jump Shot,3,Field Goal Made,23,21.2,9.9,42,42,
2,9,03,Pat Connaughton makes a 3-point jump shot from 23 feet out. Demetrius Jackson with the assist.,109491,120755,true,true,false,Pat,Demetrius,Connaughton,Jackson,ND,ND,41,45,6,2,0,,,,,14,3,45,Jump Shot,3,Field Goal Made,23,5.4,22.4,46,46,
2,8,32,Personal foul committed by Demetrius Jackson.,120755,,true,false,false,Demetrius,,Jackson,,ND,,41,45,6,3,1,,,,,3,,1,Personal,8,Foul,,,,46,46,
2,8,32,Ryan Anderson makes free throw 1 of 2.,110082,,true,false,false,Ryan,,Anderson,,BC,,41,46,6,3,0,,,,,13,1,11,Free Throw 1 of 2,1,Free Throw Made,,,,42,42,
2,8,32,Ryan Anderson makes free throw 2 of 2.,110082,,true,false,false,Ryan,,Anderson,,BC,,41,47,6,3,0,,,,,14,1,12,Free Throw 2 of 2,1,Free Throw Made,,,,42,42,
2,8,02,Eric Atkins makes a jump shot from 14 feet out.,97478,,true,false,false,Eric,,Atkins,,ND,,43,47,6,3,0,,,,,8,2,45,Jump Shot,3,Field Goal Made,14,9.8,10.6,46,46,
2,7,44,Shooting foul committed by Tom Knight.,88670,,true,false,false,Tom,,Knight,,ND,,43,47,6,4,2,,,,,2,,2,Shooting,8,Foul,,,,46,46,
2,7,44,Official's timeout.,,,false,false,false,,,,,,,43,47,6,4,0,,,,,0,,4,Official,11,Timeout,,,,46,46,
2,7,44,Patrick Heckmann makes free throw 1 of 2.,110086,,true,false,false,Patrick,,Heckmann,,BC,,43,48,6,4,1,,,,,5,1,11,Free Throw 1 of 2,1,Free Throw Made,,,,42,42,
2,7,44,Patrick Heckmann makes free throw 2 of 2.,110086,,true,false,false,Patrick,,Heckmann,,BC,,43,49,6,4,1,,,,,6,1,12,Free Throw 2 of 2,1,Free Throw Made,,,,42,42,
2,7,17,V.J. Beachem makes a 3-point jump shot from 23 feet out. Eric Atkins with the assist.,120754,97478,true,true,false,V.J.,Eric,Beachem,Atkins,ND,ND,46,49,6,4,0,,,,,3,3,45,Jump Shot,3,Field Goal Made,23,21.9,7.4,46,46,
2,6,35,Shooting foul committed by Garrick Sherman.,88941,,true,false,false,Garrick,,Sherman,,ND,,46,49,6,5,2,,,,,5,,2,Shooting,8,Foul,,,,46,46,
2,6,35,Joe Rahon makes free throw 1 of 2.,116004,,true,false,false,Joe,,Rahon,,BC,,46,50,6,5,0,,,,,8,1,11,Free Throw 1 of 2,1,Free Throw Made,,,,42,42,
2,6,35,Joe Rahon makes free throw 2 of 2.,116004,,true,false,false,Joe,,Rahon,,BC,,46,51,6,5,0,,,,,9,1,12,Free Throw 2 of 2,1,Free Throw Made,,,,42,42,
2,6,18,Eric Atkins makes a layup shot.,97478,,true,false,false,Eric,,Atkins,,ND,,48,51,6,5,0,,,,,10,2,40,Layup Shot,3,Field Goal Made,0,0,0,46,46,
2,5,51,Offensive foul committed by Eddie Odio.,110078,,true,false,false,Eddie,,Odio,,BC,,48,51,7,5,3,,,,,4,,4,Offensive,8,Foul,,,,42,42,
2,5,51,Eddie Odio with a  turnover:,110078,,true,false,false,Eddie,,Odio,,BC,,48,51,7,5,3,,,,,4,,,,7,Turnover,,,,42,42,
2,5,41,V.J. Beachem makes a jump shot from 19 feet out. Eric Atkins with the assist.,120754,97478,true,true,false,V.J.,Eric,Beachem,Atkins,ND,ND,50,51,7,5,0,,,,,5,2,45,Jump Shot,3,Field Goal Made,19,15,12,46,46,
2,5,29,BC take a full timeout.,,,false,false,false,,,,,,,50,51,7,5,0,,,,,0,,1,Regular,11,Timeout,,,,42,42,
2,5,18,Lonnie Jackson makes a 3-point jump shot from 24 feet out. Ryan Anderson with the assist.,110084,110082,true,true,false,Lonnie,Ryan,Jackson,Anderson,BC,BC,50,54,7,5,2,,,,,9,3,45,Jump Shot,3,Field Goal Made,24,-13,20,42,42,
2,5,04,Eric Atkins makes a layup shot.,97478,,true,false,false,Eric,,Atkins,,ND,,52,54,7,5,0,,,,,12,2,40,Layup Shot,3,Field Goal Made,0,0,0,46,46,
2,4,38,Personal foul committed by Garrick Sherman.,88941,,true,false,false,Garrick,,Sherman,,ND,,52,54,7,6,3,,,,,5,,1,Personal,8,Foul,,,,46,46,
2,4,38,Ryan Anderson makes free throw 1 of 2.,110082,,true,false,false,Ryan,,Anderson,,BC,,52,55,7,6,0,,,,,15,1,11,Free Throw 1 of 2,1,Free Throw Made,,,,42,42,
2,4,38,Ryan Anderson makes free throw 2 of 2.,110082,,true,false,false,Ryan,,Anderson,,BC,,52,56,7,6,0,,,,,16,1,12,Free Throw 2 of 2,1,Free Throw Made,,,,42,42,
2,4,22,Pat Connaughton makes a 3-point jump shot from 24 feet out. Garrick Sherman with the assist.,109491,88941,true,true,false,Pat,Garrick,Connaughton,Sherman,ND,ND,55,56,7,6,0,,,,,17,3,45,Jump Shot,3,Field Goal Made,24,12.8,20.7,46,46,
2,3,55,Garland Owens makes a dunk shot. Olivier Hanlan with the assist.,120748,116003,true,true,false,Garland,Olivier,Owens,Hanlan,BC,BC,55,58,7,6,1,,,,,2,2,48,Dunk Shot,3,Field Goal Made,0,0,0,42,42,
2,3,42,V.J. Beachem misses a jump shot from 7 feet out.,120754,,true,false,false,V.J.,,Beachem,,ND,,55,58,7,6,0,,,,,5,2,45,Jump Shot,4,Field Goal Missed,7,-5.2,4.7,46,46,
2,3,42,ND with an offensive rebound.,,,false,false,false,,,,,,,55,58,7,6,0,,,,,0,,,,5,Offensive Rebound,,,,46,46,
2,3,40,Official's timeout.,,,false,false,false,,,,,,,55,58,7,6,0,,,,,0,,4,Official,11,Timeout,,,,46,46,
2,3,32,Eric Atkins makes a layup shot.,97478,,true,false,false,Eric,,Atkins,,ND,,57,58,7,6,0,,,,,14,2,40,Layup Shot,3,Field Goal Made,0,0,0,46,46,
2,3,32,Shooting foul committed by Garland Owens.,120748,,true,false,false,Garland,,Owens,,BC,,57,58,8,6,2,,,,,2,,2,Shooting,8,Foul,,,,42,42,
2,3,32,Eric Atkins makes free throw 1 of 1.,97478,,true,false,false,Eric,,Atkins,,ND,,58,58,8,6,0,,,,,15,1,10,Free Throw 1 of 1,1,Free Throw Made,,,,46,46,
2,3,19,Lonnie Jackson makes a layup shot. Joe Rahon with the assist.,110084,116004,true,true,false,Lonnie,Joe,Jackson,Rahon,BC,BC,58,60,8,6,2,,,,,11,2,40,Layup Shot,3,Field Goal Made,0,0,0,42,42,
2,2,55,V.J. Beachem makes a jump shot from 19 feet out. Pat Connaughton with the assist.,120754,109491,true,true,false,V.J.,Pat,Beachem,Connaughton,ND,ND,60,60,8,6,0,,,,,7,2,45,Jump Shot,3,Field Goal Made,19,18,6,46,46,
2,2,28,Alex Dragicevich with a lost ball turnover: Lost Ball,97479,,true,false,false,Alex,,Dragicevich,,BC,,60,60,8,6,3,,,,,7,,2,Lost Ball,7,Turnover,,,,42,42,
2,2,04,Pat Connaughton misses a 3-point jump shot from 23 feet out.,109491,,true,false,false,Pat,,Connaughton,,ND,,60,60,8,6,0,,,,,17,3,45,Jump Shot,4,Field Goal Missed,23,22,5,46,46,
2,2,04,Garrick Sherman with an offensive rebound.,88941,,true,false,false,Garrick,,Sherman,,ND,,60,60,8,6,3,,,,,5,,,,5,Offensive Rebound,,,,46,46,
2,1,59,Garrick Sherman misses a jump shot from 10 feet out.,88941,,true,false,false,Garrick,,Sherman,,ND,,60,60,8,6,3,,,,,5,2,45,Jump Shot,4,Field Goal Missed,10,8.9,4.7,46,46,
2,1,59,Olivier Hanlan with a defensive rebound.,116003,,true,false,false,Olivier,,Hanlan,,BC,,60,60,8,6,1,,,,,5,,,,6,Defensive Rebound,,,,42,42,
2,1,46,BC take a full timeout.,,,false,false,false,,,,,,,60,60,8,6,0,,,,,0,,1,Regular,11,Timeout,,,,42,42,
2,1,32,Lonnie Jackson makes a layup shot.,110084,,true,false,false,Lonnie,,Jackson,,BC,,60,62,8,6,2,,,,,13,2,40,Layup Shot,3,Field Goal Made,0,0,0,42,42,
2,0,58.5,V.J. Beachem misses a 3-point jump shot from 24 feet out.,120754,,true,false,false,V.J.,,Beachem,,ND,,60,62,8,6,0,,,,,7,3,45,Jump Shot,4,Field Goal Missed,24,17.8,15.7,46,46,
2,0,58.5,Joe Rahon with a defensive rebound.,116004,,true,false,false,Joe,,Rahon,,BC,,60,62,8,6,0,,,,,9,,,,6,Defensive Rebound,,,,42,42,
2,0,58.5,Personal foul committed by Pat Connaughton.,109491,,true,false,false,Pat,,Connaughton,,ND,,60,62,8,7,1,,,,,17,,1,Personal,8,Foul,,,,46,46,
2,0,58.5,Joe Rahon makes free throw 1st of 1-and-1.,116004,,true,false,false,Joe,,Rahon,,BC,,60,63,8,7,0,,,,,10,1,8,Free Throw 1st of 1-and-1,1,Free Throw Made,,,,42,42,
2,0,58.5,Joe Rahon makes free throw 2nd of 1-and-1.,116004,,true,false,false,Joe,,Rahon,,BC,,60,64,8,7,0,,,,,11,1,9,Free Throw 2nd of 1-and-1,1,Free Throw Made,,,,42,42,
2,0,50.6,Eric Atkins makes a 3-point jump shot from 22 feet out. Garrick Sherman with the assist.,97478,88941,true,true,false,Eric,Garrick,Atkins,Sherman,ND,ND,63,64,8,7,0,,,,,18,3,45,Jump Shot,3,Field Goal Made,22,21,8,46,46,
2,0,47.6,ND take a full timeout.,,,false,false,false,,,,,,,63,64,8,7,0,,,,,0,,1,Regular,11,Timeout,,,,46,46,
2,0,20.7,BC take a full timeout.,,,false,false,false,,,,,,,63,64,8,7,0,,,,,0,,1,Regular,11,Timeout,,,,42,42,
2,0,16.5,Personal foul committed by Garrick Sherman.,88941,,true,false,false,Garrick,,Sherman,,ND,,63,64,8,8,4,,,,,5,,1,Personal,8,Foul,,,,46,46,
2,0,16.5,Lonnie Jackson makes free throw 1st of 1-and-1.,110084,,true,false,false,Lonnie,,Jackson,,BC,,63,65,8,8,2,,,,,14,1,8,Free Throw 1st of 1-and-1,1,Free Throw Made,,,,42,42,
2,0,16.5,Lonnie Jackson makes free throw 2nd of 1-and-1.,110084,,true,false,false,Lonnie,,Jackson,,BC,,63,66,8,8,2,,,,,15,1,9,Free Throw 2nd of 1-and-1,1,Free Throw Made,,,,42,42,
2,0,11.6,Eric Atkins misses a layup shot.,97478,,true,false,false,Eric,,Atkins,,ND,,63,66,8,8,0,,,,,18,2,40,Layup Shot,4,Field Goal Missed,0,0,0,46,46,
2,0,11.6,Garrick Sherman with an offensive rebound.,88941,,true,false,false,Garrick,,Sherman,,ND,,63,66,8,8,4,,,,,5,,,,5,Offensive Rebound,,,,46,46,
2,0,07.8,Personal foul committed by Eric Atkins.,97478,,true,false,false,Eric,,Atkins,,ND,,63,66,8,9,1,,,,,18,,1,Personal,8,Foul,,,,46,46,
2,0,07.8,Olivier Hanlan misses free throw 1 of 2.,116003,,true,false,false,Olivier,,Hanlan,,BC,,63,66,8,9,1,,,,,5,1,11,Free Throw 1 of 2,2,Free Throw Missed,,,,42,42,
2,0,07.8,ND with a defensive rebound.,,,false,false,false,,,,,,,63,66,8,9,0,,,,,0,,,,6,Defensive Rebound,,,,46,46,
2,0,07.6,Garrick Sherman makes a jump shot from 6 feet out.,88941,,true,false,false,Garrick,,Sherman,,ND,,65,66,8,9,4,,,,,7,2,45,Jump Shot,3,Field Goal Made,6,4.2,3.8,46,46,
2,0,07.6,ND take a full timeout.,,,false,false,false,,,,,,,65,66,8,9,0,,,,,0,,1,Regular,11,Timeout,,,,46,46,
2,0,00.8,Personal foul committed by Olivier Hanlan.,116003,,true,false,false,Olivier,,Hanlan,,BC,,65,66,9,9,2,,,,,5,,1,Personal,8,Foul,,,,42,42,
2,0,00.7,Eric Atkins makes free throw 1st of 1-and-1.,97478,,true,false,false,Eric,,Atkins,,ND,,66,66,9,9,1,,,,,19,1,8,Free Throw 1st of 1-and-1,1,Free Throw Made,,,,46,46,
2,0,00.7,Eric Atkins misses free throw 2nd of 1-and-1.,97478,,true,false,false,Eric,,Atkins,,ND,,66,66,9,9,1,,,,,19,1,9,Free Throw 2nd of 1-and-1,2,Free Throw Missed,,,,46,46,
2,0,00.7,Eric Atkins with an offensive rebound.,97478,,true,false,false,Eric,,Atkins,,ND,,66,66,9,9,1,,,,,19,,,,5,Offensive Rebound,,,,46,46,
2,0,00.7,Eric Atkins misses a jump shot from 14 feet out.,97478,,true,false,false,Eric,,Atkins,,ND,,66,66,9,9,1,,,,,19,2,45,Jump Shot,4,Field Goal Missed,14,-1,14,46,46,
2,0,00.7,ND with an offensive rebound.,,,false,false,false,,,,,,,66,66,9,9,0,,,,,0,,,,5,Offensive Rebound,,,,46,46,
2,0,00,End of the 2nd Half,,,false,false,false,,,,,,,66,66,9,9,0,,,,,0,,,,15,End Period,,,,46,46,
3,5,00,Start of the Overtime,,,false,false,false,,,,,,,66,66,9,9,0,,,,,0,,,,14,Start Period,,,,46,46,
3,4,42,Olivier Hanlan misses a 3-point jump shot from 23 feet out.,116003,,true,false,false,Olivier,,Hanlan,,BC,,66,66,9,9,2,,,,,5,3,45,Jump Shot,4,Field Goal Missed,23,6.7,22,42,42,
3,4,42,Pat Connaughton with a defensive rebound.,109491,,true,false,false,Pat,,Connaughton,,ND,,66,66,9,9,1,,,,,17,,,,6,Defensive Rebound,,,,46,46,
3,4,32,Pat Connaughton misses a 3-point jump shot from 23 feet out.,109491,,true,false,false,Pat,,Connaughton,,ND,,66,66,9,9,1,,,,,17,3,45,Jump Shot,4,Field Goal Missed,23,-12,19.1,46,46,
3,4,32,Patrick Heckmann with a defensive rebound.,110086,,true,false,false,Patrick,,Heckmann,,BC,,66,66,9,9,1,,,,,6,,,,6,Defensive Rebound,,,,42,42,
3,4,10,Joe Rahon makes a layup shot.,116004,,true,false,false,Joe,,Rahon,,BC,,66,68,9,9,0,,,,,13,2,40,Layup Shot,3,Field Goal Made,0,0,0,42,42,
3,3,51,V.J. Beachem makes a 3-point jump shot from 23 feet out. Steve Vasturia with the assist.,120754,120756,true,true,false,V.J.,Steve,Beachem,Vasturia,ND,ND,69,68,9,9,0,,,,,10,3,45,Jump Shot,3,Field Goal Made,23,-18,15,46,46,
3,3,27,Shooting foul committed by Garrick Sherman.,88941,,true,false,false,Garrick,,Sherman,,ND,,69,68,9,10,5,,,,,7,,2,Shooting,8,Foul,,,,46,46,
3,3,27,Ryan Anderson misses free throw 1 of 2.,110082,,true,false,false,Ryan,,Anderson,,BC,,69,68,9,10,0,,,,,16,1,11,Free Throw 1 of 2,2,Free Throw Missed,,,,42,42,
3,3,27,BC with an offensive rebound.,,,false,false,false,,,,,,,69,68,9,10,0,,,,,0,,,,5,Offensive Rebound,,,,42,42,
3,3,27,Ryan Anderson makes free throw 2 of 2.,110082,,true,false,false,Ryan,,Anderson,,BC,,69,69,9,10,0,,,,,17,1,12,Free Throw 2 of 2,1,Free Throw Made,,,,42,42,
3,3,08,V.J. Beachem misses a 3-point jump shot from 22 feet out.,120754,,true,false,false,V.J.,,Beachem,,ND,,69,69,9,10,0,,,,,10,3,45,Jump Shot,4,Field Goal Missed,22,19,11.3,46,46,
3,3,08,Zach Auguste with an offensive rebound.,116591,,true,false,false,Zach,,Auguste,,ND,,69,69,9,10,2,,,,,8,,,,5,Offensive Rebound,,,,46,46,
3,2,51,Eric Atkins makes a jump shot from 10 feet out.,97478,,true,false,false,Eric,,Atkins,,ND,,71,69,9,10,1,,,,,21,2,45,Jump Shot,3,Field Goal Made,10,-2.1,9.8,46,46,
3,2,28,Ryan Anderson misses a hook shot from 9 feet out.,110082,,true,false,false,Ryan,,Anderson,,BC,,71,69,9,10,0,,,,,17,2,55,Hook Shot,4,Field Goal Missed,9,-2.3,8.9,42,42,
3,2,28,Pat Connaughton with a defensive rebound.,109491,,true,false,false,Pat,,Connaughton,,ND,,71,69,9,10,1,,,,,17,,,,6,Defensive Rebound,,,,46,46,
3,2,00,Zach Auguste makes a layup shot.,116591,,true,false,false,Zach,,Auguste,,ND,,73,69,9,10,2,,,,,10,2,40,Layup Shot,3,Field Goal Made,0,0,0,46,46,
3,1,54,BC take a full timeout.,,,false,false,false,,,,,,,73,69,9,10,0,,,,,0,,1,Regular,11,Timeout,,,,42,42,
3,1,38,Patrick Heckmann misses a 3-point jump shot from 22 feet out.,110086,,true,false,false,Patrick,,Heckmann,,BC,,73,69,9,10,1,,,,,6,3,45,Jump Shot,4,Field Goal Missed,22,-21.5,4.5,42,42,
3,1,38,Ryan Anderson with an offensive rebound.,110082,,true,false,false,Ryan,,Anderson,,BC,,73,69,9,10,0,,,,,17,,,,5,Offensive Rebound,,,,42,42,
3,1,33,Ryan Anderson makes a layup shot.,110082,,true,false,false,Ryan,,Anderson,,BC,,73,71,9,10,0,,,,,19,2,40,Layup Shot,3,Field Goal Made,0,0,0,42,42,
3,1,16,ND take a full timeout.,,,false,false,false,,,,,,,73,71,9,10,0,,,,,0,,1,Regular,11,Timeout,,,,46,46,
3,0,51.7,Steve Vasturia misses a 3-point jump shot from 23 feet out.,120756,,true,false,false,Steve,,Vasturia,,ND,,73,71,9,10,2,,,,,3,3,45,Jump Shot,4,Field Goal Missed,23,-15,18,46,46,
3,0,51.7,Pat Connaughton with an offensive rebound.,109491,,true,false,false,Pat,,Connaughton,,ND,,73,71,9,10,1,,,,,17,,,,5,Offensive Rebound,,,,46,46,
3,0,50.7,Personal foul committed by Eddie Odio.,110078,,true,false,false,Eddie,,Odio,,BC,,73,71,10,10,4,,,,,4,,1,Personal,8,Foul,,,,42,42,
3,0,50.7,Zach Auguste misses free throw 1st of 1-and-1.,116591,,true,false,false,Zach,,Auguste,,ND,,73,71,10,10,2,,,,,10,1,8,Free Throw 1st of 1-and-1,2,Free Throw Missed,,,,46,46,
3,0,50.7,ND with an offensive rebound.,,,false,false,false,,,,,,,73,71,10,10,0,,,,,0,,,,5,Offensive Rebound,,,,46,46,
3,0,50.7,Zach Auguste misses free throw 2 of 2.,116591,,true,false,false,Zach,,Auguste,,ND,,73,71,10,10,2,,,,,10,1,12,Free Throw 2 of 2,2,Free Throw Missed,,,,46,46,
3,0,50.7,Lonnie Jackson with a defensive rebound.,110084,,true,false,false,Lonnie,,Jackson,,BC,,73,71,10,10,2,,,,,15,,,,6,Defensive Rebound,,,,42,42,
3,0,35.5,Shooting foul committed by Zach Auguste.,116591,,true,false,false,Zach,,Auguste,,ND,,73,71,10,11,3,,,,,10,,2,Shooting,8,Foul,,,,46,46,
3,0,35.5,Ryan Anderson makes free throw 2 of 2.,110082,,true,false,false,Ryan,,Anderson,,BC,,73,72,10,11,0,,,,,20,1,12,Free Throw 2 of 2,1,Free Throw Made,,,,42,42,
3,0,35.5,Ryan Anderson makes free throw 2 of 2.,110082,,true,false,false,Ryan,,Anderson,,BC,,73,73,10,11,0,,,,,21,1,12,Free Throw 2 of 2,1,Free Throw Made,,,,42,42,
3,0,01.3,Eric Atkins makes a 3-point jump shot from 24 feet out.,97478,,true,false,false,Eric,,Atkins,,ND,,76,73,10,11,1,,,,,24,3,45,Jump Shot,3,Field Goal Made,24,-8.8,21.8,46,46,
3,0,00,End of the Overtime,,,false,false,false,,,,,,,76,73,10,11,0,,,,,0,,,,15,End Period,,,,46,46,
3,0,00,End of the Game,,,false,false,false,,,,,,,76,73,10,11,0,,,,,0,,,,19,Game Over,,,,46,46,
